embedding_dim,val_loss
64,1.6737569102578693
128,1.7323673456642361
