negative_min_offset,val_loss
15,1.697173663775126
6,1.7089505921469794
