negative_max_offset,val_loss
30,1.7011268335183463
40,1.7049974224037594
