patch_size,val_loss
11,1.672223410156038
9,1.7339008457660674
