temperature,val_loss
0.05,1.5880271169145903
0.07,1.6410652984579404
0.1,1.8800939685106277
